protein,direction,n,mean_abs_peak_minus_control,wilcoxon_p,cohens_dz
protein1,real_into_random,150,0.003943735758463541,1.516576017487903e-08,0.3791751754806373
protein1,random_into_real,150,0.0003555647532145182,0.24970213333436353,0.0355761723831741
protein2,real_into_random,150,0.08619003295898438,1.9460098435568633e-19,0.4257521628064355
protein2,random_into_real,150,0.013200991948445638,8.805761996177695e-10,0.32479050858083636
